[
 {
	"name": "Uganda",
	"leaderName": "Yoweri Museveni",
	"adjective": ["Ugandan"],
	"startBias": ["Avoid [Tundra]", "Prefer [Grassland]"],
	"preferredVictoryType": "Scientific",

	"startIntroPart1": "Welcome to the mighty nation of Uganda!",
	"startIntroPart2": "As a militaristic civilization, we shall defend our land and strive for victory.",

	"declaringWar": "Prepare to face the wrath of Uganda's fierce warriors!",
	"attacked": "We will not tolerate aggression! Prepare to face our resistance!",
	"defeated": "Despite our best efforts, we have been defeated. But Uganda shall rise again!",

	"introduction": "Greetings! I am Yoweri Museveni, leader of the great nation of Uganda. We are a militaristic civilization, known for our fierce warriors and determination. The lands of Uganda are blessed with abundant grasslands, which we shall use to our advantage in defending our territory and achieving glory.",

	"neutralHello": "Greetings.",
	"hateHello": "What do YOU want?!",

	"tradeRequest": "It appears that you do have a reason for existing – to make this deal with me.",

	"outerColor": [43, 81, 98],
	"innerColor": [201, 248, 255],
	"uniqueName": "Pearl of Africa",
	"uniques": ["Receive free [Great Scientist] when you discover [Writing]", "[Great Scientist] is earned [60]% faster"],
	"cities": ["Kampala", "Entebbe", "Jinja", "Mbarara", "Gulu", "Lira", "Mbale", "Kasese", "Masaka", "Arua",
		"Soroti", "Fort Portal", "Kabale", "Hoima", "Mityana", "Moyo", "Nebbi", "Busia", "Moroto", "Iganga",
		"Masindi", "Tororo", "Kiboga", "Pader", "Adjumani", "Nakasongola", "Kotido", "Kamuli", "Kibale", "Ntungamo",
		"Pallisa", "Arua", "Bugiri", "Bushenyi", "Ibanda", "Kyenjojo", "Kiboga", "Kotido", "Kumi", "Luwero"]
 }
]
